{
    "start": "2024-08-04T20:44:15.066880",
    "num_accelerators": 195,
    "num_hosts": 65,
    "hostname": "ip-10-195-184-77",
    "metric": {
        "train_au_percentage": [
            94.63477871641729,
            93.77920408391414,
            92.72648318124968,
            93.7856377877221,
            92.4108770277414
        ],
        "train_au_mean_percentage": 93.46739615940892,
        "train_au_meet_expectation": "success",
        "train_au_stdev_percentage": 0.8033017698184589,
        "train_throughput_samples_per_second": [
            1967.2250683787104,
            1957.6344455224705,
            1935.613055987201,
            1955.3251468079789,
            1927.8978579525528
        ],
        "train_throughput_mean_samples_per_second": 1948.739114929783,
        "train_throughput_stdev_samples_per_second": 14.634784678462506,
        "train_io_mean_MB_per_second": 272451.76129996334,
        "train_io_stdev_MB_per_second": 2046.0783238481345
    },
    "num_files_train": 682500,
    "num_files_eval": 0,
    "num_samples_per_file": 1,
    "host_cpu_count": [
        192,
        192,
        192,
        192,
        192,
        192,
        192,
        192,
        192,
        192,
        192,
        192,
        192,
        192,
        192,
        192,
        192,
        192,
        192,
        192,
        192,
        128,
        0,
        0,
        0,
        0,
        0,
        0,
        0,
        0,
        0,
        0,
        0,
        0,
        0,
        0,
        0,
        0,
        0,
        0,
        0,
        0,
        0,
        0,
        0,
        0,
        0,
        0,
        0,
        0,
        0,
        0,
        0,
        0,
        0,
        0,
        0,
        0,
        0,
        0,
        0,
        0,
        0,
        0,
        0
    ],
    "host_processor_name": "x86_64",
    "potential_caching": [
        0,
        0,
        0,
        0,
        0,
        0,
        0,
        0,
        0,
        0,
        0,
        0,
        0,
        0,
        0,
        0,
        0,
        0,
        0,
        0,
        0,
        0,
        0,
        0,
        0,
        0,
        0,
        0,
        0,
        0,
        0,
        0,
        0,
        0,
        0,
        0,
        0,
        0,
        0,
        0,
        0,
        0,
        0,
        0,
        0,
        0,
        0,
        0,
        0,
        0,
        0,
        0,
        0,
        0,
        0,
        0,
        0,
        0,
        0,
        0,
        0,
        0,
        0,
        0,
        0
    ],
    "host_cpuinfo": {
        "vendor_id": "GenuineIntel",
        "cpu family": "6",
        "model": "106",
        "model name": "Intel(R) Xeon(R) Platinum 8375C CPU @ 2.90GHz",
        "stepping": "6",
        "microcode": "0xd0003d1",
        "cpu MHz": "3499.928",
        "cache size": "55296 KB",
        "physical id": "0",
        "siblings": "64",
        "core id": "31",
        "cpu cores": "32",
        "apicid": "63",
        "initial apicid": "63",
        "fpu": "yes",
        "fpu_exception": "yes",
        "cpuid level": "27",
        "wp": "yes",
        "flags": "fpu vme de pse tsc msr pae mce cx8 apic sep mtrr pge mca cmov pat pse36 clflush mmx fxsr sse sse2 ss ht syscall nx pdpe1gb rdtscp lm constant_tsc arch_perfmon rep_good nopl xtopology nonstop_tsc cpuid aperfmperf tsc_known_freq pni pclmulqdq monitor ssse3 fma cx16 pcid sse4_1 sse4_2 x2apic movbe popcnt tsc_deadline_timer aes xsave avx f16c rdrand hypervisor lahf_lm abm 3dnowprefetch invpcid_single ssbd ibrs ibpb stibp ibrs_enhanced fsgsbase tsc_adjust bmi1 avx2 smep bmi2 erms invpcid avx512f avx512dq rdseed adx smap avx512ifma clflushopt clwb avx512cd sha_ni avx512bw avx512vl xsaveopt xsavec xgetbv1 xsaves wbnoinvd ida arat avx512vbmi pku ospke avx512_vbmi2 gfni vaes vpclmulqdq avx512_vnni avx512_bitalg tme avx512_vpopcntdq rdpid md_clear flush_l1d arch_capabilities",
        "bugs": "apic_c1e spectre_v1 spectre_v2 spec_store_bypass swapgs mmio_stale_data eibrs_pbrsb gds bhi",
        "bogomips": "5799.89",
        "clflush size": "64",
        "cache_alignment": "64",
        "address sizes": "46 bits physical, 48 bits virtual",
        "power management": ""
    },
    "host_meminfo": {
        "MemTotal": "129781300 kB",
        "MemFree": "127466668 kB",
        "MemAvailable": "127228924 kB",
        "Buffers": "30796 kB",
        "Cached": "750476 kB",
        "SwapCached": "0 kB",
        "Active": "1666996 kB",
        "Inactive": "136128 kB",
        "Active(anon)": "1040696 kB",
        "Inactive(anon)": "0 kB",
        "Active(file)": "626300 kB",
        "Inactive(file)": "136128 kB",
        "Unevictable": "35464 kB",
        "Mlocked": "27616 kB",
        "SwapTotal": "0 kB",
        "SwapFree": "0 kB",
        "Zswap": "0 kB",
        "Zswapped": "0 kB",
        "Dirty": "96 kB",
        "Writeback": "0 kB",
        "AnonPages": "1058724 kB",
        "Mapped": "423528 kB",
        "Shmem": "1892 kB",
        "KReclaimable": "69004 kB",
        "Slab": "213924 kB",
        "SReclaimable": "69004 kB",
        "SUnreclaim": "144920 kB",
        "KernelStack": "16096 kB",
        "PageTables": "12828 kB",
        "SecPageTables": "0 kB",
        "NFS_Unstable": "0 kB",
        "Bounce": "0 kB",
        "WritebackTmp": "0 kB",
        "CommitLimit": "64890648 kB",
        "Committed_AS": "9372892 kB",
        "VmallocTotal": "34359738367 kB",
        "VmallocUsed": "36468 kB",
        "VmallocChunk": "0 kB",
        "Percpu": "33024 kB",
        "HardwareCorrupted": "0 kB",
        "AnonHugePages": "0 kB",
        "ShmemHugePages": "0 kB",
        "ShmemPmdMapped": "0 kB",
        "FileHugePages": "0 kB",
        "FilePmdMapped": "0 kB",
        "Unaccepted": "0 kB",
        "HugePages_Total": "0",
        "HugePages_Free": "0",
        "HugePages_Rsvd": "0",
        "HugePages_Surp": "0",
        "Hugepagesize": "2048 kB",
        "Hugetlb": "0 kB",
        "DirectMap4k": "149936 kB",
        "DirectMap2M": "5056512 kB",
        "DirectMap1G": "126877696 kB"
    },
    "host_memory_GB": [
        371.3072814941406,
        371.3072738647461,
        371.30723571777344,
        371.3072738647461,
        371.3072929382324,
        371.30727767944336,
        371.3072624206543,
        371.3072624206543,
        371.30725860595703,
        371.3072700500488,
        371.30731201171875,
        371.3072700500488,
        371.30723571777344,
        371.3072700500488,
        371.30726623535156,
        371.3072929382324,
        371.3072814941406,
        371.3072814941406,
        371.3072166442871,
        371.30724716186523,
        371.3072700500488,
        247.5381965637207,
        0.0,
        0.0,
        0.0,
        0.0,
        0.0,
        0.0,
        0.0,
        0.0,
        0.0,
        0.0,
        0.0,
        0.0,
        0.0,
        0.0,
        0.0,
        0.0,
        0.0,
        0.0,
        0.0,
        0.0,
        0.0,
        0.0,
        0.0,
        0.0,
        0.0,
        0.0,
        0.0,
        0.0,
        0.0,
        0.0,
        0.0,
        0.0,
        0.0,
        0.0,
        0.0,
        0.0,
        0.0,
        0.0,
        0.0,
        0.0,
        0.0,
        0.0,
        0.0
    ],
    "data_size_per_host_GB": 1433.590980246663,
    "epochs": 5,
    "end": "2024-08-04T21:14:43.138452"
}