{
    "start": "2024-08-09T22:05:45.969871",
    "num_accelerators": 1056,
    "num_hosts": 66,
    "hostname": "ip-10-195-184-77",
    "metric": {
        "train_au_percentage": [
            77.71370372809493,
            96.21312747418253,
            96.0980493131648,
            96.94028678996503,
            96.5386084850436
        ],
        "train_au_mean_percentage": 92.70075515809017,
        "train_au_meet_expectation": "success",
        "train_au_stdev_percentage": 7.499237615186676,
        "train_throughput_samples_per_second": [
            1463131.4881716378,
            1809348.388877945,
            1807364.7469337203,
            1823217.119453507,
            1815614.1677713033
        ],
        "train_throughput_mean_samples_per_second": 1743735.1822416228,
        "train_throughput_stdev_samples_per_second": 140410.97850058466,
        "train_io_mean_MB_per_second": 190674.58921173785,
        "train_io_stdev_MB_per_second": 15353.710769315276
    },
    "num_files_train": 316194,
    "num_files_eval": 0,
    "num_samples_per_file": 1251,
    "host_cpu_count": [
        1024,
        1024,
        1024,
        1024,
        128,
        0,
        0,
        0,
        0,
        0,
        0,
        0,
        0,
        0,
        0,
        0,
        0,
        0,
        0,
        0,
        0,
        0,
        0,
        0,
        0,
        0,
        0,
        0,
        0,
        0,
        0,
        0,
        0,
        0,
        0,
        0,
        0,
        0,
        0,
        0,
        0,
        0,
        0,
        0,
        0,
        0,
        0,
        0,
        0,
        0,
        0,
        0,
        0,
        0,
        0,
        0,
        0,
        0,
        0,
        0,
        0,
        0,
        0,
        0,
        0,
        0
    ],
    "host_processor_name": "x86_64",
    "potential_caching": [
        1,
        1,
        1,
        1,
        0,
        0,
        0,
        0,
        0,
        0,
        0,
        0,
        0,
        0,
        0,
        0,
        0,
        0,
        0,
        0,
        0,
        0,
        0,
        0,
        0,
        0,
        0,
        0,
        0,
        0,
        0,
        0,
        0,
        0,
        0,
        0,
        0,
        0,
        0,
        0,
        0,
        0,
        0,
        0,
        0,
        0,
        0,
        0,
        0,
        0,
        0,
        0,
        0,
        0,
        0,
        0,
        0,
        0,
        0,
        0,
        0,
        0,
        0,
        0,
        0,
        0
    ],
    "host_cpuinfo": {
        "vendor_id": "GenuineIntel",
        "cpu family": "6",
        "model": "106",
        "model name": "Intel(R) Xeon(R) Platinum 8375C CPU @ 2.90GHz",
        "stepping": "6",
        "microcode": "0xd0003e7",
        "cpu MHz": "1985.464",
        "cache size": "55296 KB",
        "physical id": "0",
        "siblings": "64",
        "core id": "31",
        "cpu cores": "32",
        "apicid": "63",
        "initial apicid": "63",
        "fpu": "yes",
        "fpu_exception": "yes",
        "cpuid level": "27",
        "wp": "yes",
        "flags": "fpu vme de pse tsc msr pae mce cx8 apic sep mtrr pge mca cmov pat pse36 clflush mmx fxsr sse sse2 ss ht syscall nx pdpe1gb rdtscp lm constant_tsc arch_perfmon rep_good nopl xtopology nonstop_tsc cpuid aperfmperf tsc_known_freq pni pclmulqdq monitor ssse3 fma cx16 pcid sse4_1 sse4_2 x2apic movbe popcnt tsc_deadline_timer aes xsave avx f16c rdrand hypervisor lahf_lm abm 3dnowprefetch invpcid_single ssbd ibrs ibpb stibp ibrs_enhanced fsgsbase tsc_adjust bmi1 avx2 smep bmi2 erms invpcid avx512f avx512dq rdseed adx smap avx512ifma clflushopt clwb avx512cd sha_ni avx512bw avx512vl xsaveopt xsavec xgetbv1 xsaves wbnoinvd ida arat avx512vbmi pku ospke avx512_vbmi2 gfni vaes vpclmulqdq avx512_vnni avx512_bitalg tme avx512_vpopcntdq rdpid md_clear flush_l1d arch_capabilities",
        "bugs": "apic_c1e spectre_v1 spectre_v2 spec_store_bypass swapgs mmio_stale_data eibrs_pbrsb gds bhi",
        "bogomips": "5799.98",
        "clflush size": "64",
        "cache_alignment": "64",
        "address sizes": "46 bits physical, 48 bits virtual",
        "power management": ""
    },
    "host_meminfo": {
        "MemTotal": "129781304 kB",
        "MemFree": "125161840 kB",
        "MemAvailable": "124889768 kB",
        "Buffers": "29824 kB",
        "Cached": "711744 kB",
        "SwapCached": "0 kB",
        "Active": "3898920 kB",
        "Inactive": "126708 kB",
        "Active(anon)": "3306192 kB",
        "Inactive(anon)": "0 kB",
        "Active(file)": "592728 kB",
        "Inactive(file)": "126708 kB",
        "Unevictable": "35464 kB",
        "Mlocked": "27616 kB",
        "SwapTotal": "0 kB",
        "SwapFree": "0 kB",
        "Zswap": "0 kB",
        "Zswapped": "0 kB",
        "Dirty": "92 kB",
        "Writeback": "0 kB",
        "AnonPages": "3320408 kB",
        "Mapped": "409972 kB",
        "Shmem": "5220 kB",
        "KReclaimable": "86336 kB",
        "Slab": "263952 kB",
        "SReclaimable": "86336 kB",
        "SUnreclaim": "177616 kB",
        "KernelStack": "29568 kB",
        "PageTables": "35236 kB",
        "SecPageTables": "0 kB",
        "NFS_Unstable": "0 kB",
        "Bounce": "0 kB",
        "WritebackTmp": "0 kB",
        "CommitLimit": "64890652 kB",
        "Committed_AS": "45619128 kB",
        "VmallocTotal": "34359738367 kB",
        "VmallocUsed": "49652 kB",
        "VmallocChunk": "0 kB",
        "Percpu": "39168 kB",
        "HardwareCorrupted": "0 kB",
        "AnonHugePages": "0 kB",
        "ShmemHugePages": "0 kB",
        "ShmemPmdMapped": "0 kB",
        "FileHugePages": "0 kB",
        "FilePmdMapped": "0 kB",
        "Unaccepted": "0 kB",
        "HugePages_Total": "0",
        "HugePages_Free": "0",
        "HugePages_Rsvd": "0",
        "HugePages_Surp": "0",
        "Hugepagesize": "2048 kB",
        "Hugetlb": "0 kB",
        "DirectMap4k": "147888 kB",
        "DirectMap2M": "6107136 kB",
        "DirectMap1G": "125829120 kB"
    },
    "host_memory_GB": [
        1980.3054542541504,
        1980.3053970336914,
        1980.3054580688477,
        1980.305404663086,
        247.53820419311523,
        0.0,
        0.0,
        0.0,
        0.0,
        0.0,
        0.0,
        0.0,
        0.0,
        0.0,
        0.0,
        0.0,
        0.0,
        0.0,
        0.0,
        0.0,
        0.0,
        0.0,
        0.0,
        0.0,
        0.0,
        0.0,
        0.0,
        0.0,
        0.0,
        0.0,
        0.0,
        0.0,
        0.0,
        0.0,
        0.0,
        0.0,
        0.0,
        0.0,
        0.0,
        0.0,
        0.0,
        0.0,
        0.0,
        0.0,
        0.0,
        0.0,
        0.0,
        0.0,
        0.0,
        0.0,
        0.0,
        0.0,
        0.0,
        0.0,
        0.0,
        0.0,
        0.0,
        0.0,
        0.0,
        0.0,
        0.0,
        0.0,
        0.0,
        0.0,
        0.0,
        0.0
    ],
    "data_size_per_host_GB": 639.9989948718902,
    "epochs": 5,
    "end": "2024-08-09T22:33:40.901936"
}