{
    "start": "2024-08-04T22:54:55.606525",
    "num_accelerators": 195,
    "num_hosts": 65,
    "hostname": "ip-10-195-184-77",
    "metric": {
        "train_au_percentage": [
            91.90413971979942,
            93.85560773885675,
            92.78055935348964,
            92.63897471993657,
            94.58793980484384
        ],
        "train_au_mean_percentage": 93.15344426738525,
        "train_au_meet_expectation": "success",
        "train_au_stdev_percentage": 0.9502941559895178,
        "train_throughput_samples_per_second": [
            1913.3306996050728,
            1958.535180425064,
            1937.7764417352062,
            1932.4370180315223,
            1972.9713104090365
        ],
        "train_throughput_mean_samples_per_second": 1943.0101300411802,
        "train_throughput_stdev_samples_per_second": 20.778596200523022,
        "train_io_mean_MB_per_second": 271650.79619827145,
        "train_io_stdev_MB_per_second": 2905.040027575578
    },
    "num_files_train": 682500,
    "num_files_eval": 0,
    "num_samples_per_file": 1,
    "host_cpu_count": [
        192,
        192,
        192,
        192,
        192,
        192,
        192,
        192,
        192,
        192,
        192,
        192,
        192,
        192,
        192,
        192,
        192,
        192,
        192,
        192,
        192,
        128,
        0,
        0,
        0,
        0,
        0,
        0,
        0,
        0,
        0,
        0,
        0,
        0,
        0,
        0,
        0,
        0,
        0,
        0,
        0,
        0,
        0,
        0,
        0,
        0,
        0,
        0,
        0,
        0,
        0,
        0,
        0,
        0,
        0,
        0,
        0,
        0,
        0,
        0,
        0,
        0,
        0,
        0,
        0
    ],
    "host_processor_name": "x86_64",
    "potential_caching": [
        0,
        0,
        0,
        0,
        0,
        0,
        0,
        0,
        0,
        0,
        0,
        0,
        0,
        0,
        0,
        0,
        0,
        0,
        0,
        0,
        0,
        0,
        0,
        0,
        0,
        0,
        0,
        0,
        0,
        0,
        0,
        0,
        0,
        0,
        0,
        0,
        0,
        0,
        0,
        0,
        0,
        0,
        0,
        0,
        0,
        0,
        0,
        0,
        0,
        0,
        0,
        0,
        0,
        0,
        0,
        0,
        0,
        0,
        0,
        0,
        0,
        0,
        0,
        0,
        0
    ],
    "host_cpuinfo": {
        "vendor_id": "GenuineIntel",
        "cpu family": "6",
        "model": "106",
        "model name": "Intel(R) Xeon(R) Platinum 8375C CPU @ 2.90GHz",
        "stepping": "6",
        "microcode": "0xd0003d1",
        "cpu MHz": "3499.572",
        "cache size": "55296 KB",
        "physical id": "0",
        "siblings": "64",
        "core id": "31",
        "cpu cores": "32",
        "apicid": "63",
        "initial apicid": "63",
        "fpu": "yes",
        "fpu_exception": "yes",
        "cpuid level": "27",
        "wp": "yes",
        "flags": "fpu vme de pse tsc msr pae mce cx8 apic sep mtrr pge mca cmov pat pse36 clflush mmx fxsr sse sse2 ss ht syscall nx pdpe1gb rdtscp lm constant_tsc arch_perfmon rep_good nopl xtopology nonstop_tsc cpuid aperfmperf tsc_known_freq pni pclmulqdq monitor ssse3 fma cx16 pcid sse4_1 sse4_2 x2apic movbe popcnt tsc_deadline_timer aes xsave avx f16c rdrand hypervisor lahf_lm abm 3dnowprefetch invpcid_single ssbd ibrs ibpb stibp ibrs_enhanced fsgsbase tsc_adjust bmi1 avx2 smep bmi2 erms invpcid avx512f avx512dq rdseed adx smap avx512ifma clflushopt clwb avx512cd sha_ni avx512bw avx512vl xsaveopt xsavec xgetbv1 xsaves wbnoinvd ida arat avx512vbmi pku ospke avx512_vbmi2 gfni vaes vpclmulqdq avx512_vnni avx512_bitalg tme avx512_vpopcntdq rdpid md_clear flush_l1d arch_capabilities",
        "bugs": "apic_c1e spectre_v1 spectre_v2 spec_store_bypass swapgs mmio_stale_data eibrs_pbrsb gds bhi",
        "bogomips": "5799.89",
        "clflush size": "64",
        "cache_alignment": "64",
        "address sizes": "46 bits physical, 48 bits virtual",
        "power management": ""
    },
    "host_meminfo": {
        "MemTotal": "129781300 kB",
        "MemFree": "127366256 kB",
        "MemAvailable": "127204952 kB",
        "Buffers": "31996 kB",
        "Cached": "820788 kB",
        "SwapCached": "0 kB",
        "Active": "1746896 kB",
        "Inactive": "138056 kB",
        "Active(anon)": "1050988 kB",
        "Inactive(anon)": "0 kB",
        "Active(file)": "695908 kB",
        "Inactive(file)": "138056 kB",
        "Unevictable": "35464 kB",
        "Mlocked": "27616 kB",
        "SwapTotal": "0 kB",
        "SwapFree": "0 kB",
        "Zswap": "0 kB",
        "Zswapped": "0 kB",
        "Dirty": "8 kB",
        "Writeback": "0 kB",
        "AnonPages": "1069008 kB",
        "Mapped": "478248 kB",
        "Shmem": "1900 kB",
        "KReclaimable": "78812 kB",
        "Slab": "233792 kB",
        "SReclaimable": "78812 kB",
        "SUnreclaim": "154980 kB",
        "KernelStack": "16032 kB",
        "PageTables": "12992 kB",
        "SecPageTables": "0 kB",
        "NFS_Unstable": "0 kB",
        "Bounce": "0 kB",
        "WritebackTmp": "0 kB",
        "CommitLimit": "64890648 kB",
        "Committed_AS": "9399076 kB",
        "VmallocTotal": "34359738367 kB",
        "VmallocUsed": "36532 kB",
        "VmallocChunk": "0 kB",
        "Percpu": "39168 kB",
        "HardwareCorrupted": "0 kB",
        "AnonHugePages": "0 kB",
        "ShmemHugePages": "0 kB",
        "ShmemPmdMapped": "0 kB",
        "FileHugePages": "0 kB",
        "FilePmdMapped": "0 kB",
        "Unaccepted": "0 kB",
        "HugePages_Total": "0",
        "HugePages_Free": "0",
        "HugePages_Rsvd": "0",
        "HugePages_Surp": "0",
        "Hugepagesize": "2048 kB",
        "Hugetlb": "0 kB",
        "DirectMap4k": "168368 kB",
        "DirectMap2M": "5038080 kB",
        "DirectMap1G": "126877696 kB"
    },
    "host_memory_GB": [
        371.3073081970215,
        371.3072700500488,
        371.3072929382324,
        371.30724716186523,
        371.30725479125977,
        371.3072853088379,
        371.3072814941406,
        371.3072814941406,
        371.3072700500488,
        371.30726623535156,
        371.3072738647461,
        371.3072624206543,
        371.30725860595703,
        371.30727767944336,
        371.3072509765625,
        371.30725479125977,
        371.3072509765625,
        371.3072814941406,
        371.3072738647461,
        371.30730056762695,
        371.30725479125977,
        247.53819274902344,
        0.0,
        0.0,
        0.0,
        0.0,
        0.0,
        0.0,
        0.0,
        0.0,
        0.0,
        0.0,
        0.0,
        0.0,
        0.0,
        0.0,
        0.0,
        0.0,
        0.0,
        0.0,
        0.0,
        0.0,
        0.0,
        0.0,
        0.0,
        0.0,
        0.0,
        0.0,
        0.0,
        0.0,
        0.0,
        0.0,
        0.0,
        0.0,
        0.0,
        0.0,
        0.0,
        0.0,
        0.0,
        0.0,
        0.0,
        0.0,
        0.0,
        0.0,
        0.0
    ],
    "data_size_per_host_GB": 1433.590980246663,
    "epochs": 5,
    "end": "2024-08-04T23:25:28.088067"
}