{
    "start": "2024-08-13T15:55:11.141449",
    "num_accelerators": 411,
    "num_hosts": 137,
    "hostname": "i-01092c2b71cd3ea31.ec2.internal",
    "metric": {
        "train_au_percentage": [
            91.55351888213028,
            92.94106509252504,
            93.36122155077037,
            93.37301416929117,
            86.40960348156445
        ],
        "train_au_mean_percentage": 91.52768463525626,
        "train_au_meet_expectation": "success",
        "train_au_stdev_percentage": 2.644245265886304,
        "train_throughput_samples_per_second": [
            7568.690626762471,
            7793.02521390443,
            7834.2945769122525,
            7840.382938385224,
            7283.326135124265
        ],
        "train_throughput_mean_samples_per_second": 7663.943898217729,
        "train_throughput_stdev_samples_per_second": 214.82790414260555,
        "train_io_mean_MB_per_second": 1071490.2767519827,
        "train_io_stdev_MB_per_second": 30034.928950528883
    },
    "num_files_train": 1438500,
    "num_files_eval": 0,
    "num_samples_per_file": 1,
    "host_cpu_count": [
        216,
        216,
        216,
        216,
        216,
        216,
        216,
        216,
        216,
        216,
        216,
        216,
        216,
        216,
        216,
        216,
        216,
        216,
        216,
        216,
        216,
        216,
        216,
        216,
        216,
        216,
        216,
        216,
        216,
        216,
        216,
        216,
        216,
        216,
        216,
        216,
        216,
        216,
        216,
        216,
        216,
        216,
        216,
        216,
        216,
        144,
        0,
        0,
        0,
        0,
        0,
        0,
        0,
        0,
        0,
        0,
        0,
        0,
        0,
        0,
        0,
        0,
        0,
        0,
        0,
        0,
        0,
        0,
        0,
        0,
        0,
        0,
        0,
        0,
        0,
        0,
        0,
        0,
        0,
        0,
        0,
        0,
        0,
        0,
        0,
        0,
        0,
        0,
        0,
        0,
        0,
        0,
        0,
        0,
        0,
        0,
        0,
        0,
        0,
        0,
        0,
        0,
        0,
        0,
        0,
        0,
        0,
        0,
        0,
        0,
        0,
        0,
        0,
        0,
        0,
        0,
        0,
        0,
        0,
        0,
        0,
        0,
        0,
        0,
        0,
        0,
        0,
        0,
        0,
        0,
        0,
        0,
        0,
        0,
        0,
        0,
        0
    ],
    "host_processor_name": "x86_64",
    "potential_caching": [
        0,
        0,
        0,
        0,
        0,
        0,
        0,
        0,
        0,
        0,
        0,
        0,
        0,
        0,
        0,
        0,
        0,
        0,
        0,
        0,
        0,
        0,
        0,
        0,
        0,
        0,
        0,
        0,
        0,
        0,
        0,
        0,
        0,
        0,
        0,
        0,
        0,
        0,
        0,
        0,
        0,
        0,
        0,
        0,
        0,
        0,
        0,
        0,
        0,
        0,
        0,
        0,
        0,
        0,
        0,
        0,
        0,
        0,
        0,
        0,
        0,
        0,
        0,
        0,
        0,
        0,
        0,
        0,
        0,
        0,
        0,
        0,
        0,
        0,
        0,
        0,
        0,
        0,
        0,
        0,
        0,
        0,
        0,
        0,
        0,
        0,
        0,
        0,
        0,
        0,
        0,
        0,
        0,
        0,
        0,
        0,
        0,
        0,
        0,
        0,
        0,
        0,
        0,
        0,
        0,
        0,
        0,
        0,
        0,
        0,
        0,
        0,
        0,
        0,
        0,
        0,
        0,
        0,
        0,
        0,
        0,
        0,
        0,
        0,
        0,
        0,
        0,
        0,
        0,
        0,
        0,
        0,
        0,
        0,
        0,
        0,
        0
    ],
    "host_cpuinfo": {
        "vendor_id": "GenuineIntel",
        "cpu family": "6",
        "model": "85",
        "model name": "Intel(R) Xeon(R) Platinum 8124M CPU @ 3.00GHz",
        "stepping": "4",
        "microcode": "0x2007006",
        "cpu MHz": "2999.996",
        "cache size": "25344 KB",
        "physical id": "1",
        "siblings": "36",
        "core id": "17",
        "cpu cores": "18",
        "apicid": "99",
        "initial apicid": "99",
        "fpu": "yes",
        "fpu_exception": "yes",
        "cpuid level": "13",
        "wp": "yes",
        "flags": "fpu vme de pse tsc msr pae mce cx8 apic sep mtrr pge mca cmov pat pse36 clflush mmx fxsr sse sse2 ss ht syscall nx pdpe1gb rdtscp lm constant_tsc arch_perfmon rep_good nopl xtopology nonstop_tsc cpuid aperfmperf tsc_known_freq pni pclmulqdq monitor ssse3 fma cx16 pcid sse4_1 sse4_2 x2apic movbe popcnt tsc_deadline_timer aes xsave avx f16c rdrand hypervisor lahf_lm abm 3dnowprefetch pti fsgsbase tsc_adjust bmi1 avx2 smep bmi2 erms invpcid mpx avx512f avx512dq rdseed adx smap clflushopt clwb avx512cd avx512bw avx512vl xsaveopt xsavec xgetbv1 xsaves ida arat pku ospke",
        "bugs": "cpu_meltdown spectre_v1 spectre_v2 spec_store_bypass l1tf mds swapgs itlb_multihit mmio_stale_data retbleed gds",
        "bogomips": "5999.99",
        "clflush size": "64",
        "cache_alignment": "64",
        "address sizes": "46 bits physical, 48 bits virtual",
        "power management": ""
    },
    "host_meminfo": {
        "MemTotal": "193856124 kB",
        "MemFree": "188900756 kB",
        "MemAvailable": "188818696 kB",
        "Buffers": "0 kB",
        "Cached": "958628 kB",
        "SwapCached": "0 kB",
        "Active": "2177892 kB",
        "Inactive": "96168 kB",
        "Active(anon)": "1351636 kB",
        "Inactive(anon)": "0 kB",
        "Active(file)": "826256 kB",
        "Inactive(file)": "96168 kB",
        "Unevictable": "28600 kB",
        "Mlocked": "28600 kB",
        "SwapTotal": "0 kB",
        "SwapFree": "0 kB",
        "Zswap": "0 kB",
        "Zswapped": "0 kB",
        "Dirty": "224 kB",
        "Writeback": "0 kB",
        "AnonPages": "1342372 kB",
        "Mapped": "416740 kB",
        "Shmem": "27292 kB",
        "KReclaimable": "277516 kB",
        "Slab": "757164 kB",
        "SReclaimable": "277516 kB",
        "SUnreclaim": "479648 kB",
        "KernelStack": "21712 kB",
        "PageTables": "20956 kB",
        "SecPageTables": "0 kB",
        "NFS_Unstable": "0 kB",
        "Bounce": "0 kB",
        "WritebackTmp": "0 kB",
        "CommitLimit": "96928060 kB",
        "Committed_AS": "7993236 kB",
        "VmallocTotal": "34359738367 kB",
        "VmallocUsed": "285736 kB",
        "VmallocChunk": "0 kB",
        "Percpu": "96960 kB",
        "HardwareCorrupted": "0 kB",
        "AnonHugePages": "157696 kB",
        "ShmemHugePages": "0 kB",
        "ShmemPmdMapped": "0 kB",
        "FileHugePages": "0 kB",
        "FilePmdMapped": "0 kB",
        "CmaTotal": "0 kB",
        "CmaFree": "0 kB",
        "Unaccepted": "0 kB",
        "HugePages_Total": "0",
        "HugePages_Free": "0",
        "HugePages_Rsvd": "0",
        "HugePages_Surp": "0",
        "Hugepagesize": "2048 kB",
        "Hugetlb": "0 kB",
        "DirectMap4k": "377264 kB",
        "DirectMap2M": "11087872 kB",
        "DirectMap1G": "185597952 kB"
    },