{
    "start": "2024-08-04T21:33:17.663502",
    "num_accelerators": 195,
    "num_hosts": 65,
    "hostname": "ip-10-195-184-77",
    "metric": {
        "train_au_percentage": [
            93.43833188658884,
            94.07274516173652,
            94.91714907028076,
            94.8636135899463,
            92.93501135595996
        ],
        "train_au_mean_percentage": 94.04537021290247,
        "train_au_meet_expectation": "success",
        "train_au_stdev_percentage": 0.7786735270799797,
        "train_throughput_samples_per_second": [
            1944.5595949509916,
            1962.6447970633612,
            1981.2527656021207,
            1978.735488376059,
            1938.943808224327
        ],
        "train_throughput_mean_samples_per_second": 1961.227290843372,
        "train_throughput_stdev_samples_per_second": 17.22748750128543,
        "train_io_mean_MB_per_second": 274197.72385442443,
        "train_io_stdev_MB_per_second": 2408.5621705537746
    },
    "num_files_train": 682500,
    "num_files_eval": 0,
    "num_samples_per_file": 1,
    "host_cpu_count": [
        192,
        192,
        192,
        192,
        192,
        192,
        192,
        192,
        192,
        192,
        192,
        192,
        192,
        192,
        192,
        192,
        192,
        192,
        192,
        192,
        192,
        128,
        0,
        0,
        0,
        0,
        0,
        0,
        0,
        0,
        0,
        0,
        0,
        0,
        0,
        0,
        0,
        0,
        0,
        0,
        0,
        0,
        0,
        0,
        0,
        0,
        0,
        0,
        0,
        0,
        0,
        0,
        0,
        0,
        0,
        0,
        0,
        0,
        0,
        0,
        0,
        0,
        0,
        0,
        0
    ],
    "host_processor_name": "x86_64",
    "potential_caching": [
        0,
        0,
        0,
        0,
        0,
        0,
        0,
        0,
        0,
        0,
        0,
        0,
        0,
        0,
        0,
        0,
        0,
        0,
        0,
        0,
        0,
        0,
        0,
        0,
        0,
        0,
        0,
        0,
        0,
        0,
        0,
        0,
        0,
        0,
        0,
        0,
        0,
        0,
        0,
        0,
        0,
        0,
        0,
        0,
        0,
        0,
        0,
        0,
        0,
        0,
        0,
        0,
        0,
        0,
        0,
        0,
        0,
        0,
        0,
        0,
        0,
        0,
        0,
        0,
        0
    ],
    "host_cpuinfo": {
        "vendor_id": "GenuineIntel",
        "cpu family": "6",
        "model": "106",
        "model name": "Intel(R) Xeon(R) Platinum 8375C CPU @ 2.90GHz",
        "stepping": "6",
        "microcode": "0xd0003d1",
        "cpu MHz": "3499.509",
        "cache size": "55296 KB",
        "physical id": "0",
        "siblings": "64",
        "core id": "31",
        "cpu cores": "32",
        "apicid": "63",
        "initial apicid": "63",
        "fpu": "yes",
        "fpu_exception": "yes",
        "cpuid level": "27",
        "wp": "yes",
        "flags": "fpu vme de pse tsc msr pae mce cx8 apic sep mtrr pge mca cmov pat pse36 clflush mmx fxsr sse sse2 ss ht syscall nx pdpe1gb rdtscp lm constant_tsc arch_perfmon rep_good nopl xtopology nonstop_tsc cpuid aperfmperf tsc_known_freq pni pclmulqdq monitor ssse3 fma cx16 pcid sse4_1 sse4_2 x2apic movbe popcnt tsc_deadline_timer aes xsave avx f16c rdrand hypervisor lahf_lm abm 3dnowprefetch invpcid_single ssbd ibrs ibpb stibp ibrs_enhanced fsgsbase tsc_adjust bmi1 avx2 smep bmi2 erms invpcid avx512f avx512dq rdseed adx smap avx512ifma clflushopt clwb avx512cd sha_ni avx512bw avx512vl xsaveopt xsavec xgetbv1 xsaves wbnoinvd ida arat avx512vbmi pku ospke avx512_vbmi2 gfni vaes vpclmulqdq avx512_vnni avx512_bitalg tme avx512_vpopcntdq rdpid md_clear flush_l1d arch_capabilities",
        "bugs": "apic_c1e spectre_v1 spectre_v2 spec_store_bypass swapgs mmio_stale_data eibrs_pbrsb gds bhi",
        "bogomips": "5799.89",
        "clflush size": "64",
        "cache_alignment": "64",
        "address sizes": "46 bits physical, 48 bits virtual",
        "power management": ""
    },
    "host_meminfo": {
        "MemTotal": "129781288 kB",
        "MemFree": "31959688 kB",
        "MemAvailable": "126948572 kB",
        "Buffers": "20888 kB",
        "Cached": "93516936 kB",
        "SwapCached": "0 kB",
        "Active": "8532188 kB",
        "Inactive": "86037644 kB",
        "Active(anon)": "1050812 kB",
        "Inactive(anon)": "28 kB",
        "Active(file)": "7481376 kB",
        "Inactive(file)": "86037616 kB",
        "Unevictable": "35464 kB",
        "Mlocked": "27616 kB",
        "SwapTotal": "0 kB",
        "SwapFree": "0 kB",
        "Zswap": "0 kB",
        "Zswapped": "0 kB",
        "Dirty": "80 kB",
        "Writeback": "0 kB",
        "AnonPages": "1068928 kB",
        "Mapped": "487392 kB",
        "Shmem": "1892 kB",
        "KReclaimable": "2701904 kB",
        "Slab": "2949440 kB",
        "SReclaimable": "2701904 kB",
        "SUnreclaim": "247536 kB",
        "KernelStack": "16080 kB",
        "PageTables": "12940 kB",
        "SecPageTables": "0 kB",
        "NFS_Unstable": "0 kB",
        "Bounce": "0 kB",
        "WritebackTmp": "0 kB",
        "CommitLimit": "64890644 kB",
        "Committed_AS": "9391768 kB",
        "VmallocTotal": "34359738367 kB",
        "VmallocUsed": "36644 kB",
        "VmallocChunk": "0 kB",
        "Percpu": "38400 kB",
        "HardwareCorrupted": "0 kB",
        "AnonHugePages": "0 kB",
        "ShmemHugePages": "0 kB",
        "ShmemPmdMapped": "0 kB",
        "FileHugePages": "0 kB",
        "FilePmdMapped": "0 kB",
        "Unaccepted": "0 kB",
        "HugePages_Total": "0",
        "HugePages_Free": "0",
        "HugePages_Rsvd": "0",
        "HugePages_Surp": "0",
        "Hugepagesize": "2048 kB",
        "Hugetlb": "0 kB",
        "DirectMap4k": "168368 kB",
        "DirectMap2M": "5038080 kB",
        "DirectMap1G": "126877696 kB"
    },
    "host_memory_GB": [
        371.3072853088379,
        371.3072967529297,
        371.3072509765625,
        371.30728912353516,
        371.3072929382324,
        371.30726623535156,
        371.3072853088379,
        371.3072700500488,
        371.3072738647461,
        371.3072738647461,
        371.30733489990234,
        371.30724334716797,
        371.3072738647461,
        371.3072509765625,
        371.30724716186523,
        371.3072700500488,
        371.30728912353516,
        371.3072509765625,
        371.3072853088379,
        371.3072929382324,
        371.3072814941406,
        247.53818130493164,
        0.0,
        0.0,
        0.0,
        0.0,
        0.0,
        0.0,
        0.0,
        0.0,
        0.0,
        0.0,
        0.0,
        0.0,
        0.0,
        0.0,
        0.0,
        0.0,
        0.0,
        0.0,
        0.0,
        0.0,
        0.0,
        0.0,
        0.0,
        0.0,
        0.0,
        0.0,
        0.0,
        0.0,
        0.0,
        0.0,
        0.0,
        0.0,
        0.0,
        0.0,
        0.0,
        0.0,
        0.0,
        0.0,
        0.0,
        0.0,
        0.0,
        0.0,
        0.0
    ],
    "data_size_per_host_GB": 1433.590980246663,
    "epochs": 5,
    "end": "2024-08-04T22:02:34.753856"
}