{
    "start": "2024-07-22T09:32:46.062713",
    "num_accelerators": 411,
    "num_hosts": 137,
    "hostname": "i-0a8b6b19271fe569e.ec2.internal",
    "metric": {
        "train_au_percentage": [
            98.08108129872019,
            98.54245551827727,
            98.46356723633926,
            98.51324885033934,
            95.38469736022404
        ],
        "train_au_mean_percentage": 97.79701005278001,
        "train_au_meet_expectation": "success",
        "train_au_stdev_percentage": 1.217615245925472,
        "train_throughput_samples_per_second": [
            8049.129687665605,
            8233.775444269086,
            8242.467303498548,
            8249.18841311174,
            8003.938067986419
        ],
        "train_throughput_mean_samples_per_second": 8155.69978330628,
        "train_throughput_stdev_samples_per_second": 106.53951268866044,
        "train_io_mean_MB_per_second": 1140242.3000451704,
        "train_io_stdev_MB_per_second": 14895.209757777775
    },
    "num_files_train": 1438500,
    "num_files_eval": 0,
    "num_samples_per_file": 1,
    "host_cpu_count": [
        216,
        216,
        216,
        216,
        216,
        216,
        216,
        216,
        216,
        216,
        216,
        216,
        216,
        216,
        216,
        216,
        216,
        216,
        216,
        216,
        216,
        216,
        216,
        216,
        216,
        216,
        216,
        216,
        216,
        216,
        216,
        216,
        216,
        216,
        216,
        216,
        216,
        216,
        216,
        216,
        216,
        216,
        216,
        216,
        216,
        144,
        0,
        0,
        0,
        0,
        0,
        0,
        0,
        0,
        0,
        0,
        0,
        0,
        0,
        0,
        0,
        0,
        0,
        0,
        0,
        0,
        0,
        0,
        0,
        0,
        0,
        0,
        0,
        0,
        0,
        0,
        0,
        0,
        0,
        0,
        0,
        0,
        0,
        0,
        0,
        0,
        0,
        0,
        0,
        0,
        0,
        0,
        0,
        0,
        0,
        0,
        0,
        0,
        0,
        0,
        0,
        0,
        0,
        0,
        0,
        0,
        0,
        0,
        0,
        0,
        0,
        0,
        0,
        0,
        0,
        0,
        0,
        0,
        0,
        0,
        0,
        0,
        0,
        0,
        0,
        0,
        0,
        0,
        0,
        0,
        0,
        0,
        0,
        0,
        0,
        0,
        0
    ],
    "host_processor_name": "x86_64",
    "potential_caching": [
        0,
        0,
        0,
        0,
        0,
        0,
        0,
        0,
        0,
        0,
        0,
        0,
        0,
        0,
        0,
        0,
        0,
        0,
        0,
        0,
        0,
        0,
        0,
        0,
        0,
        0,
        0,
        0,
        0,
        0,
        0,
        0,
        0,
        0,
        0,
        0,
        0,
        0,
        0,
        0,
        0,
        0,
        0,
        0,
        0,
        0,
        0,
        0,
        0,
        0,
        0,
        0,
        0,
        0,
        0,
        0,
        0,
        0,
        0,
        0,
        0,
        0,
        0,
        0,
        0,
        0,
        0,
        0,
        0,
        0,
        0,
        0,
        0,
        0,
        0,
        0,
        0,
        0,
        0,
        0,
        0,
        0,
        0,
        0,
        0,
        0,
        0,
        0,
        0,
        0,
        0,
        0,
        0,
        0,
        0,
        0,
        0,
        0,
        0,
        0,
        0,
        0,
        0,
        0,
        0,
        0,
        0,
        0,
        0,
        0,
        0,
        0,
        0,
        0,
        0,
        0,
        0,
        0,
        0,
        0,
        0,
        0,
        0,
        0,
        0,
        0,
        0,
        0,
        0,
        0,
        0,
        0,
        0,
        0,
        0,
        0,
        0
    ],
    "host_cpuinfo": {
        "vendor_id": "GenuineIntel",
        "cpu family": "6",
        "model": "85",
        "model name": "Intel(R) Xeon(R) Platinum 8124M CPU @ 3.00GHz",
        "stepping": "4",
        "microcode": "0x2007006",
        "cpu MHz": "2999.996",
        "cache size": "25344 KB",
        "physical id": "1",
        "siblings": "36",
        "core id": "17",
        "cpu cores": "18",
        "apicid": "99",
        "initial apicid": "99",
        "fpu": "yes",
        "fpu_exception": "yes",
        "cpuid level": "13",
        "wp": "yes",
        "flags": "fpu vme de pse tsc msr pae mce cx8 apic sep mtrr pge mca cmov pat pse36 clflush mmx fxsr sse sse2 ss ht syscall nx pdpe1gb rdtscp lm constant_tsc arch_perfmon rep_good nopl xtopology nonstop_tsc cpuid aperfmperf tsc_known_freq pni pclmulqdq monitor ssse3 fma cx16 pcid sse4_1 sse4_2 x2apic movbe popcnt tsc_deadline_timer aes xsave avx f16c rdrand hypervisor lahf_lm abm 3dnowprefetch pti fsgsbase tsc_adjust bmi1 avx2 smep bmi2 erms invpcid mpx avx512f avx512dq rdseed adx smap clflushopt clwb avx512cd avx512bw avx512vl xsaveopt xsavec xgetbv1 xsaves ida arat pku ospke",
        "bugs": "cpu_meltdown spectre_v1 spectre_v2 spec_store_bypass l1tf mds swapgs itlb_multihit mmio_stale_data retbleed gds",
        "bogomips": "5999.99",
        "clflush size": "64",
        "cache_alignment": "64",
        "address sizes": "46 bits physical, 48 bits virtual",
        "power management": ""
    },
    "host_meminfo": {
        "MemTotal": "193856104 kB",
        "MemFree": "187792956 kB",
        "MemAvailable": "187697392 kB",
        "Buffers": "0 kB",
        "Cached": "1168232 kB",
        "SwapCached": "0 kB",
        "Active": "3275184 kB",
        "Inactive": "100012 kB",
        "Active(anon)": "2458288 kB",
        "Inactive(anon)": "2048 kB",
        "Active(file)": "816896 kB",
        "Inactive(file)": "97964 kB",
        "Unevictable": "33096 kB",
        "Mlocked": "33096 kB",
        "SwapTotal": "0 kB",
        "SwapFree": "0 kB",
        "Zswap": "0 kB",
        "Zswapped": "0 kB",
        "Dirty": "168 kB",
        "Writeback": "0 kB",
        "AnonPages": "2237036 kB",
        "Mapped": "415472 kB",
        "Shmem": "244480 kB",
        "KReclaimable": "266124 kB",
        "Slab": "783996 kB",
        "SReclaimable": "266124 kB",
        "SUnreclaim": "517872 kB",
        "KernelStack": "21920 kB",
        "PageTables": "22448 kB",
        "SecPageTables": "0 kB",
        "NFS_Unstable": "0 kB",
        "Bounce": "0 kB",
        "WritebackTmp": "0 kB",
        "CommitLimit": "96928052 kB",
        "Committed_AS": "9100932 kB",
        "VmallocTotal": "34359738367 kB",
        "VmallocUsed": "285908 kB",
        "VmallocChunk": "0 kB",
        "Percpu": "97600 kB",
        "HardwareCorrupted": "0 kB",
        "AnonHugePages": "1044480 kB",
        "ShmemHugePages": "0 kB",
        "ShmemPmdMapped": "0 kB",
        "FileHugePages": "0 kB",
        "FilePmdMapped": "0 kB",
        "CmaTotal": "0 kB",
        "CmaFree": "0 kB",
        "Unaccepted": "0 kB",
        "HugePages_Total": "0",
        "HugePages_Free": "0",
        "HugePages_Rsvd": "0",
        "HugePages_Surp": "0",
        "Hugepagesize": "2048 kB",
        "Hugetlb": "0 kB",
        "DirectMap4k": "428464 kB",
        "DirectMap2M": "19425280 kB",
        "DirectMap1G": "177209344 kB"
    },